customer_id,name,customer_type,city,joined_date,data_disclaimer
CUST_0001,Vihaan Sharma,NEW,Hyderabad,2023-04-25,Demo dataset — synthetic data
CUST_0002,Arjun Mehta,NEW,Bengaluru,2023-10-30,Demo dataset — synthetic data
CUST_0003,Rohan Verma,RETURNING,Hyderabad,2023-04-30,Demo dataset — synthetic data
CUST_0004,Neha Sharma,RETURNING,Chennai,2023-04-23,Demo dataset — synthetic data
CUST_0005,Pooja Joshi,NEW,Delhi,2024-01-24,Demo dataset — synthetic data
CUST_0006,Reyansh Kapadia,RETURNING,Mumbai,2023-04-21,Demo dataset — synthetic data
CUST_0007,Aadhya Mehta,RETURNING,Bengaluru,2023-07-03,Demo dataset — synthetic data
CUST_0008,Pari Joshi,NEW,Jaipur,2023-10-02,Demo dataset — synthetic data
CUST_0009,Vihaan Chopra,RETURNING,Kolkata,2024-02-29,Demo dataset — synthetic data
CUST_0010,Suresh Kumar,RETURNING,Bengaluru,2023-01-24,Demo dataset — synthetic data
CUST_0011,Ananya Bose,NEW,Hyderabad,2024-03-19,Demo dataset — synthetic data
CUST_0012,Vihaan Chopra,RETURNING,Pune,2023-03-25,Demo dataset — synthetic data
CUST_0013,Pari Kumar,RETURNING,Kolkata,2023-12-26,Demo dataset — synthetic data
CUST_0014,Aditya Reddy,RETURNING,Hyderabad,2023-03-25,Demo dataset — synthetic data
CUST_0015,Pooja Chopra,RETURNING,Hyderabad,2023-12-17,Demo dataset — synthetic data
CUST_0016,Aadhya Verma,RETURNING,Delhi,2024-02-17,Demo dataset — synthetic data
CUST_0017,Aadhya Chopra,RETURNING,Hyderabad,2024-04-12,Demo dataset — synthetic data
CUST_0018,Kavita Singh,RETURNING,Jaipur,2023-07-22,Demo dataset — synthetic data
CUST_0019,Pooja Patel,RETURNING,Hyderabad,2024-01-17,Demo dataset — synthetic data
CUST_0020,Amit Joshi,NEW,Chennai,2024-04-04,Demo dataset — synthetic data
CUST_0021,Kavita Chopra,RETURNING,Mumbai,2023-09-18,Demo dataset — synthetic data
CUST_0022,Vikram Gupta,NEW,Bengaluru,2023-03-20,Demo dataset — synthetic data
CUST_0023,Reyansh Kapadia,RETURNING,Chennai,2023-07-15,Demo dataset — synthetic data
CUST_0024,Suresh Malhotra,RETURNING,Delhi,2023-12-15,Demo dataset — synthetic data
CUST_0025,Vihaan Joshi,NEW,Pune,2023-02-27,Demo dataset — synthetic data
CUST_0026,Saanvi Kapadia,RETURNING,Delhi,2024-05-03,Demo dataset — synthetic data
CUST_0027,Diya Reddy,RETURNING,Bengaluru,2024-03-21,Demo dataset — synthetic data
CUST_0028,Saanvi Nair,RETURNING,Mumbai,2023-10-04,Demo dataset — synthetic data
CUST_0029,Neha Sharma,RETURNING,Jaipur,2023-01-10,Demo dataset — synthetic data
CUST_0030,Vihaan Kumar,NEW,Kolkata,2023-05-03,Demo dataset — synthetic data
CUST_0031,Vivaan Iyer,NEW,Bengaluru,2023-02-13,Demo dataset — synthetic data
CUST_0032,Vikram Gupta,NEW,Mumbai,2023-03-07,Demo dataset — synthetic data
CUST_0033,Vikram Reddy,RETURNING,Chennai,2024-05-08,Demo dataset — synthetic data
CUST_0034,Sai Nair,NEW,Chennai,2023-12-10,Demo dataset — synthetic data
CUST_0035,Pari Malhotra,NEW,Jaipur,2023-03-03,Demo dataset — synthetic data
CUST_0036,Ananya Iyer,RETURNING,Delhi,2023-10-29,Demo dataset — synthetic data
CUST_0037,Amit Iyer,RETURNING,Delhi,2023-02-06,Demo dataset — synthetic data
CUST_0038,Vivaan Iyer,RETURNING,Delhi,2024-03-16,Demo dataset — synthetic data
CUST_0039,Aadhya Gupta,RETURNING,Kolkata,2023-12-09,Demo dataset — synthetic data
CUST_0040,Vikram Nair,RETURNING,Jaipur,2023-05-05,Demo dataset — synthetic data
CUST_0041,Vikram Kapadia,RETURNING,Bengaluru,2023-12-04,Demo dataset — synthetic data
CUST_0042,Rohan Kumar,RETURNING,Jaipur,2024-03-18,Demo dataset — synthetic data
CUST_0043,Vivaan Mehta,RETURNING,Pune,2024-02-14,Demo dataset — synthetic data
CUST_0044,Vihaan Iyer,RETURNING,Jaipur,2023-03-13,Demo dataset — synthetic data
CUST_0045,Rohan Reddy,RETURNING,Hyderabad,2024-03-23,Demo dataset — synthetic data
CUST_0046,Aditya Malhotra,NEW,Bengaluru,2023-01-26,Demo dataset — synthetic data
CUST_0047,Amit Sharma,NEW,Hyderabad,2023-03-27,Demo dataset — synthetic data
CUST_0048,Rohan Saxena,RETURNING,Chennai,2024-04-07,Demo dataset — synthetic data
CUST_0049,Vivaan Reddy,RETURNING,Chennai,2023-05-16,Demo dataset — synthetic data
CUST_0050,Pooja Bose,RETURNING,Jaipur,2023-03-21,Demo dataset — synthetic data
CUST_0051,Sai Bose,RETURNING,Delhi,2023-10-24,Demo dataset — synthetic data
CUST_0052,Amit Verma,NEW,Delhi,2023-01-26,Demo dataset — synthetic data
CUST_0053,Kavita Saxena,RETURNING,Mumbai,2023-01-30,Demo dataset — synthetic data
CUST_0054,Neha Gupta,NEW,Bengaluru,2023-11-01,Demo dataset — synthetic data
CUST_0055,Aditya Iyer,RETURNING,Hyderabad,2023-10-24,Demo dataset — synthetic data
CUST_0056,Suresh Verma,RETURNING,Chennai,2023-12-03,Demo dataset — synthetic data
CUST_0057,Kavita Singh,NEW,Hyderabad,2023-12-09,Demo dataset — synthetic data
CUST_0058,Aadhya Iyer,RETURNING,Mumbai,2023-12-10,Demo dataset — synthetic data
CUST_0059,Saanvi Malhotra,RETURNING,Bengaluru,2023-01-05,Demo dataset — synthetic data
CUST_0060,Pooja Mehta,RETURNING,Hyderabad,2023-09-17,Demo dataset — synthetic data
CUST_0061,Diya Patel,NEW,Bengaluru,2024-03-26,Demo dataset — synthetic data
CUST_0062,Ananya Kumar,RETURNING,Jaipur,2024-03-02,Demo dataset — synthetic data
CUST_0063,Amit Bose,RETURNING,Delhi,2023-12-08,Demo dataset — synthetic data
CUST_0064,Amit Bose,NEW,Bengaluru,2024-04-25,Demo dataset — synthetic data
CUST_0065,Arjun Joshi,RETURNING,Bengaluru,2024-01-16,Demo dataset — synthetic data
CUST_0066,Amit Patel,RETURNING,Hyderabad,2024-01-03,Demo dataset — synthetic data
CUST_0067,Aadhya Nair,NEW,Kolkata,2023-09-16,Demo dataset — synthetic data
CUST_0068,Vikram Joshi,NEW,Delhi,2023-02-17,Demo dataset — synthetic data
CUST_0069,Rohan Joshi,RETURNING,Pune,2024-01-30,Demo dataset — synthetic data
CUST_0070,Arjun Joshi,RETURNING,Jaipur,2023-10-10,Demo dataset — synthetic data
CUST_0071,Rohan Sharma,RETURNING,Mumbai,2023-10-07,Demo dataset — synthetic data
CUST_0072,Vivaan Kumar,RETURNING,Mumbai,2023-08-09,Demo dataset — synthetic data
CUST_0073,Arjun Verma,RETURNING,Delhi,2024-04-05,Demo dataset — synthetic data
CUST_0074,Pari Nair,NEW,Bengaluru,2023-07-01,Demo dataset — synthetic data
CUST_0075,Amit Kapadia,NEW,Mumbai,2024-04-18,Demo dataset — synthetic data
CUST_0076,Ananya Reddy,NEW,Mumbai,2024-03-27,Demo dataset — synthetic data
CUST_0077,Rohan Sharma,RETURNING,Pune,2024-02-05,Demo dataset — synthetic data
CUST_0078,Rohan Iyer,RETURNING,Bengaluru,2023-07-15,Demo dataset — synthetic data
CUST_0079,Vivaan Saxena,RETURNING,Jaipur,2023-06-29,Demo dataset — synthetic data
CUST_0080,Saanvi Iyer,RETURNING,Hyderabad,2023-07-24,Demo dataset — synthetic data
CUST_0081,Aadhya Joshi,NEW,Kolkata,2023-06-29,Demo dataset — synthetic data
CUST_0082,Neha Chopra,NEW,Pune,2024-04-25,Demo dataset — synthetic data
CUST_0083,Aarav Mehta,NEW,Kolkata,2023-04-02,Demo dataset — synthetic data
CUST_0084,Kavita Joshi,RETURNING,Chennai,2023-06-26,Demo dataset — synthetic data
CUST_0085,Aadhya Kapadia,RETURNING,Bengaluru,2023-07-17,Demo dataset — synthetic data
CUST_0086,Kavita Nair,RETURNING,Chennai,2023-01-01,Demo dataset — synthetic data
CUST_0087,Neha Nair,RETURNING,Bengaluru,2024-04-30,Demo dataset — synthetic data
CUST_0088,Aadhya Singh,NEW,Bengaluru,2024-01-04,Demo dataset — synthetic data
CUST_0089,Saanvi Bose,NEW,Pune,2023-07-26,Demo dataset — synthetic data
CUST_0090,Saanvi Patel,RETURNING,Chennai,2023-12-13,Demo dataset — synthetic data
CUST_0091,Reyansh Bose,RETURNING,Delhi,2023-06-05,Demo dataset — synthetic data
CUST_0092,Saanvi Nair,RETURNING,Pune,2023-08-27,Demo dataset — synthetic data
CUST_0093,Pooja Malhotra,NEW,Jaipur,2024-02-11,Demo dataset — synthetic data
CUST_0094,Reyansh Gupta,RETURNING,Pune,2023-02-17,Demo dataset — synthetic data
CUST_0095,Ananya Bose,RETURNING,Hyderabad,2023-03-17,Demo dataset — synthetic data
CUST_0096,Aarav Verma,RETURNING,Jaipur,2023-11-09,Demo dataset — synthetic data
CUST_0097,Aditya Malhotra,RETURNING,Hyderabad,2024-01-03,Demo dataset — synthetic data
CUST_0098,Isha Saxena,RETURNING,Mumbai,2023-12-02,Demo dataset — synthetic data
CUST_0099,Aarav Mehta,NEW,Hyderabad,2023-04-01,Demo dataset — synthetic data
CUST_0100,Neha Malhotra,RETURNING,Hyderabad,2024-04-14,Demo dataset — synthetic data
CUST_0101,Vihaan Malhotra,RETURNING,Jaipur,2023-12-08,Demo dataset — synthetic data
CUST_0102,Neha Singh,NEW,Jaipur,2023-11-10,Demo dataset — synthetic data
CUST_0103,Neha Kapadia,NEW,Jaipur,2024-04-04,Demo dataset — synthetic data
CUST_0104,Reyansh Saxena,RETURNING,Hyderabad,2024-03-06,Demo dataset — synthetic data
CUST_0105,Diya Saxena,NEW,Kolkata,2023-08-14,Demo dataset — synthetic data
CUST_0106,Aditya Bose,RETURNING,Pune,2023-06-13,Demo dataset — synthetic data
CUST_0107,Amit Gupta,RETURNING,Hyderabad,2023-07-16,Demo dataset — synthetic data
CUST_0108,Arjun Nair,RETURNING,Chennai,2023-06-19,Demo dataset — synthetic data
CUST_0109,Amit Malhotra,RETURNING,Hyderabad,2024-03-02,Demo dataset — synthetic data
CUST_0110,Rohan Chopra,NEW,Delhi,2024-03-14,Demo dataset — synthetic data
CUST_0111,Kavita Chopra,RETURNING,Pune,2023-06-02,Demo dataset — synthetic data
CUST_0112,Isha Kapadia,RETURNING,Hyderabad,2023-09-07,Demo dataset — synthetic data
CUST_0113,Ananya Joshi,RETURNING,Delhi,2023-07-19,Demo dataset — synthetic data
CUST_0114,Aadhya Chopra,NEW,Jaipur,2024-04-15,Demo dataset — synthetic data
CUST_0115,Arjun Sharma,NEW,Delhi,2023-02-12,Demo dataset — synthetic data
CUST_0116,Rohan Patel,NEW,Mumbai,2023-01-26,Demo dataset — synthetic data
CUST_0117,Diya Chopra,RETURNING,Jaipur,2023-06-17,Demo dataset — synthetic data
CUST_0118,Aadhya Chopra,RETURNING,Chennai,2023-05-10,Demo dataset — synthetic data
CUST_0119,Aditya Saxena,RETURNING,Delhi,2024-05-02,Demo dataset — synthetic data
CUST_0120,Pari Iyer,NEW,Delhi,2024-01-22,Demo dataset — synthetic data
CUST_0121,Aarav Iyer,RETURNING,Delhi,2023-11-15,Demo dataset — synthetic data
CUST_0122,Arjun Iyer,RETURNING,Bengaluru,2023-10-16,Demo dataset — synthetic data
CUST_0123,Sai Malhotra,NEW,Pune,2023-03-27,Demo dataset — synthetic data
CUST_0124,Suresh Mehta,NEW,Mumbai,2024-05-08,Demo dataset — synthetic data
CUST_0125,Saanvi Mehta,RETURNING,Kolkata,2023-10-22,Demo dataset — synthetic data
CUST_0126,Isha Chopra,NEW,Hyderabad,2023-02-08,Demo dataset — synthetic data
CUST_0127,Kavita Iyer,RETURNING,Kolkata,2024-03-11,Demo dataset — synthetic data
CUST_0128,Suresh Mehta,NEW,Delhi,2023-06-27,Demo dataset — synthetic data
CUST_0129,Amit Kapadia,NEW,Bengaluru,2023-09-17,Demo dataset — synthetic data
CUST_0130,Aadhya Sharma,NEW,Jaipur,2023-02-24,Demo dataset — synthetic data
CUST_0131,Rohan Kumar,NEW,Jaipur,2023-12-29,Demo dataset — synthetic data
CUST_0132,Arjun Kapadia,RETURNING,Kolkata,2023-11-12,Demo dataset — synthetic data
CUST_0133,Amit Saxena,RETURNING,Kolkata,2023-06-15,Demo dataset — synthetic data
CUST_0134,Ananya Gupta,RETURNING,Jaipur,2023-05-05,Demo dataset — synthetic data
CUST_0135,Pooja Chopra,RETURNING,Jaipur,2024-03-11,Demo dataset — synthetic data
CUST_0136,Aadhya Reddy,RETURNING,Pune,2024-02-13,Demo dataset — synthetic data
CUST_0137,Diya Singh,RETURNING,Kolkata,2023-10-12,Demo dataset — synthetic data
CUST_0138,Aarav Nair,RETURNING,Chennai,2023-09-08,Demo dataset — synthetic data
CUST_0139,Amit Iyer,NEW,Jaipur,2023-08-18,Demo dataset — synthetic data
CUST_0140,Aarav Gupta,RETURNING,Chennai,2023-12-21,Demo dataset — synthetic data
CUST_0141,Ananya Bose,NEW,Pune,2023-08-31,Demo dataset — synthetic data
CUST_0142,Amit Kumar,RETURNING,Pune,2023-06-30,Demo dataset — synthetic data
CUST_0143,Pooja Joshi,RETURNING,Hyderabad,2023-03-03,Demo dataset — synthetic data
CUST_0144,Sai Singh,RETURNING,Mumbai,2023-04-09,Demo dataset — synthetic data
CUST_0145,Sai Saxena,RETURNING,Kolkata,2023-02-21,Demo dataset — synthetic data
CUST_0146,Sai Bose,RETURNING,Mumbai,2023-06-04,Demo dataset — synthetic data
CUST_0147,Aarav Patel,RETURNING,Delhi,2023-10-11,Demo dataset — synthetic data
CUST_0148,Saanvi Patel,NEW,Jaipur,2023-02-22,Demo dataset — synthetic data
CUST_0149,Aarav Bose,RETURNING,Jaipur,2023-06-24,Demo dataset — synthetic data
CUST_0150,Reyansh Verma,RETURNING,Jaipur,2023-02-28,Demo dataset — synthetic data
CUST_0151,Aditya Chopra,RETURNING,Delhi,2023-03-19,Demo dataset — synthetic data
CUST_0152,Arjun Bose,RETURNING,Hyderabad,2023-03-02,Demo dataset — synthetic data
CUST_0153,Amit Kapadia,RETURNING,Hyderabad,2024-02-02,Demo dataset — synthetic data
CUST_0154,Neha Chopra,RETURNING,Jaipur,2023-06-02,Demo dataset — synthetic data
CUST_0155,Kavita Kapadia,RETURNING,Delhi,2023-11-09,Demo dataset — synthetic data
CUST_0156,Vihaan Nair,NEW,Kolkata,2023-12-05,Demo dataset — synthetic data
CUST_0157,Aditya Reddy,RETURNING,Bengaluru,2023-03-22,Demo dataset — synthetic data
CUST_0158,Aarav Kapadia,RETURNING,Jaipur,2023-05-30,Demo dataset — synthetic data
CUST_0159,Vivaan Iyer,RETURNING,Kolkata,2023-12-26,Demo dataset — synthetic data
CUST_0160,Pooja Gupta,NEW,Kolkata,2024-02-08,Demo dataset — synthetic data
CUST_0161,Kavita Nair,RETURNING,Hyderabad,2023-11-28,Demo dataset — synthetic data
CUST_0162,Arjun Joshi,NEW,Bengaluru,2023-01-31,Demo dataset — synthetic data
CUST_0163,Reyansh Bose,RETURNING,Kolkata,2023-08-13,Demo dataset — synthetic data
CUST_0164,Vihaan Malhotra,NEW,Chennai,2024-04-27,Demo dataset — synthetic data
CUST_0165,Diya Saxena,RETURNING,Delhi,2024-03-31,Demo dataset — synthetic data
CUST_0166,Rohan Singh,RETURNING,Delhi,2023-02-16,Demo dataset — synthetic data
CUST_0167,Ananya Sharma,NEW,Kolkata,2023-10-23,Demo dataset — synthetic data
CUST_0168,Vivaan Reddy,RETURNING,Jaipur,2024-04-14,Demo dataset — synthetic data
CUST_0169,Diya Reddy,NEW,Chennai,2023-11-22,Demo dataset — synthetic data
CUST_0170,Vikram Gupta,RETURNING,Chennai,2023-06-20,Demo dataset — synthetic data
CUST_0171,Aadhya Mehta,NEW,Pune,2023-07-30,Demo dataset — synthetic data
CUST_0172,Vikram Bose,NEW,Chennai,2024-02-21,Demo dataset — synthetic data
CUST_0173,Amit Verma,RETURNING,Pune,2023-05-10,Demo dataset — synthetic data
CUST_0174,Aadhya Mehta,NEW,Chennai,2024-03-18,Demo dataset — synthetic data
CUST_0175,Neha Sharma,NEW,Jaipur,2023-07-31,Demo dataset — synthetic data
CUST_0176,Vivaan Nair,RETURNING,Jaipur,2023-11-17,Demo dataset — synthetic data
CUST_0177,Pooja Verma,RETURNING,Mumbai,2024-04-19,Demo dataset — synthetic data
CUST_0178,Saanvi Malhotra,NEW,Jaipur,2023-03-04,Demo dataset — synthetic data
CUST_0179,Aarav Iyer,NEW,Kolkata,2023-10-10,Demo dataset — synthetic data
CUST_0180,Aarav Kapadia,RETURNING,Bengaluru,2023-08-25,Demo dataset — synthetic data
CUST_0181,Vihaan Patel,RETURNING,Kolkata,2023-09-18,Demo dataset — synthetic data
CUST_0182,Diya Kapadia,NEW,Jaipur,2023-05-05,Demo dataset — synthetic data
CUST_0183,Pooja Patel,RETURNING,Mumbai,2024-03-18,Demo dataset — synthetic data
CUST_0184,Aditya Joshi,NEW,Chennai,2023-06-24,Demo dataset — synthetic data
CUST_0185,Neha Joshi,NEW,Kolkata,2024-01-07,Demo dataset — synthetic data
CUST_0186,Saanvi Saxena,NEW,Jaipur,2023-10-03,Demo dataset — synthetic data
CUST_0187,Vikram Kumar,RETURNING,Chennai,2023-08-22,Demo dataset — synthetic data
CUST_0188,Aadhya Nair,NEW,Hyderabad,2023-10-20,Demo dataset — synthetic data
CUST_0189,Isha Iyer,NEW,Chennai,2023-01-23,Demo dataset — synthetic data
CUST_0190,Aadhya Saxena,NEW,Chennai,2023-07-17,Demo dataset — synthetic data
CUST_0191,Arjun Saxena,NEW,Mumbai,2023-09-15,Demo dataset — synthetic data
CUST_0192,Kavita Singh,NEW,Jaipur,2023-02-21,Demo dataset — synthetic data
CUST_0193,Neha Malhotra,RETURNING,Mumbai,2023-07-29,Demo dataset — synthetic data
CUST_0194,Arjun Gupta,RETURNING,Kolkata,2023-06-23,Demo dataset — synthetic data
CUST_0195,Suresh Chopra,NEW,Pune,2024-03-12,Demo dataset — synthetic data
CUST_0196,Amit Chopra,NEW,Jaipur,2024-03-22,Demo dataset — synthetic data
CUST_0197,Amit Verma,RETURNING,Hyderabad,2023-11-20,Demo dataset — synthetic data
CUST_0198,Saanvi Iyer,NEW,Chennai,2024-05-15,Demo dataset — synthetic data
CUST_0199,Vihaan Mehta,RETURNING,Kolkata,2024-04-07,Demo dataset — synthetic data
CUST_0200,Aarav Verma,RETURNING,Delhi,2023-05-31,Demo dataset — synthetic data
CUST_0201,Pari Kumar,RETURNING,Hyderabad,2023-09-29,Demo dataset — synthetic data
CUST_0202,Rohan Reddy,RETURNING,Bengaluru,2023-11-09,Demo dataset — synthetic data
CUST_0203,Isha Iyer,RETURNING,Mumbai,2023-04-29,Demo dataset — synthetic data
CUST_0204,Pooja Joshi,RETURNING,Delhi,2024-04-05,Demo dataset — synthetic data
CUST_0205,Pooja Bose,NEW,Mumbai,2023-02-07,Demo dataset — synthetic data
CUST_0206,Pooja Kumar,NEW,Kolkata,2023-11-24,Demo dataset — synthetic data
CUST_0207,Rohan Joshi,RETURNING,Kolkata,2023-04-12,Demo dataset — synthetic data
CUST_0208,Isha Saxena,RETURNING,Chennai,2023-10-20,Demo dataset — synthetic data
CUST_0209,Pari Bose,NEW,Kolkata,2023-01-12,Demo dataset — synthetic data
CUST_0210,Isha Joshi,RETURNING,Delhi,2024-04-11,Demo dataset — synthetic data
CUST_0211,Suresh Saxena,NEW,Kolkata,2024-02-02,Demo dataset — synthetic data
CUST_0212,Ananya Kumar,RETURNING,Hyderabad,2023-11-14,Demo dataset — synthetic data
CUST_0213,Diya Patel,NEW,Delhi,2023-06-08,Demo dataset — synthetic data
CUST_0214,Pooja Verma,RETURNING,Mumbai,2023-02-16,Demo dataset — synthetic data
CUST_0215,Saanvi Singh,NEW,Mumbai,2023-04-13,Demo dataset — synthetic data
CUST_0216,Arjun Kumar,RETURNING,Kolkata,2024-03-01,Demo dataset — synthetic data
CUST_0217,Reyansh Joshi,NEW,Jaipur,2024-05-10,Demo dataset — synthetic data
CUST_0218,Saanvi Singh,NEW,Jaipur,2024-05-08,Demo dataset — synthetic data
CUST_0219,Aditya Patel,NEW,Hyderabad,2024-03-16,Demo dataset — synthetic data
CUST_0220,Isha Kumar,RETURNING,Chennai,2023-01-08,Demo dataset — synthetic data
CUST_0221,Diya Mehta,RETURNING,Kolkata,2023-10-27,Demo dataset — synthetic data
CUST_0222,Isha Kumar,RETURNING,Hyderabad,2023-08-30,Demo dataset — synthetic data
CUST_0223,Aarav Singh,NEW,Hyderabad,2023-11-28,Demo dataset — synthetic data
CUST_0224,Aditya Malhotra,NEW,Kolkata,2023-11-29,Demo dataset — synthetic data
CUST_0225,Rohan Mehta,RETURNING,Delhi,2023-06-05,Demo dataset — synthetic data
CUST_0226,Vikram Mehta,RETURNING,Mumbai,2023-07-18,Demo dataset — synthetic data
CUST_0227,Pooja Kumar,NEW,Chennai,2023-10-28,Demo dataset — synthetic data
CUST_0228,Arjun Kapadia,NEW,Jaipur,2023-11-12,Demo dataset — synthetic data
CUST_0229,Rohan Joshi,RETURNING,Pune,2023-04-22,Demo dataset — synthetic data
CUST_0230,Pooja Malhotra,NEW,Pune,2023-02-20,Demo dataset — synthetic data
CUST_0231,Pari Kumar,RETURNING,Kolkata,2023-04-08,Demo dataset — synthetic data
CUST_0232,Vihaan Malhotra,RETURNING,Hyderabad,2023-11-25,Demo dataset — synthetic data
CUST_0233,Suresh Sharma,RETURNING,Pune,2023-05-05,Demo dataset — synthetic data
CUST_0234,Arjun Nair,RETURNING,Hyderabad,2023-10-28,Demo dataset — synthetic data
CUST_0235,Sai Iyer,RETURNING,Mumbai,2024-02-08,Demo dataset — synthetic data
CUST_0236,Suresh Sharma,RETURNING,Mumbai,2023-03-08,Demo dataset — synthetic data
CUST_0237,Amit Joshi,NEW,Bengaluru,2023-12-05,Demo dataset — synthetic data
CUST_0238,Aarav Patel,RETURNING,Hyderabad,2023-10-29,Demo dataset — synthetic data
CUST_0239,Aadhya Sharma,RETURNING,Delhi,2023-03-06,Demo dataset — synthetic data
CUST_0240,Rohan Mehta,NEW,Jaipur,2023-08-18,Demo dataset — synthetic data
CUST_0241,Pari Mehta,RETURNING,Hyderabad,2024-04-29,Demo dataset — synthetic data
CUST_0242,Suresh Verma,NEW,Kolkata,2023-08-23,Demo dataset — synthetic data
CUST_0243,Aarav Verma,NEW,Chennai,2023-08-07,Demo dataset — synthetic data
CUST_0244,Vihaan Saxena,NEW,Jaipur,2023-02-07,Demo dataset — synthetic data
CUST_0245,Aditya Singh,RETURNING,Bengaluru,2023-03-06,Demo dataset — synthetic data
CUST_0246,Diya Singh,RETURNING,Kolkata,2023-08-21,Demo dataset — synthetic data
CUST_0247,Neha Kapadia,RETURNING,Bengaluru,2024-03-12,Demo dataset — synthetic data
CUST_0248,Amit Nair,RETURNING,Hyderabad,2023-07-31,Demo dataset — synthetic data
CUST_0249,Aadhya Malhotra,RETURNING,Bengaluru,2023-06-10,Demo dataset — synthetic data
CUST_0250,Rohan Singh,NEW,Pune,2024-05-03,Demo dataset — synthetic data
CUST_0251,Arjun Saxena,RETURNING,Bengaluru,2023-02-17,Demo dataset — synthetic data
CUST_0252,Rohan Mehta,NEW,Pune,2024-02-20,Demo dataset — synthetic data
CUST_0253,Arjun Verma,RETURNING,Pune,2023-12-10,Demo dataset — synthetic data
CUST_0254,Vihaan Kapadia,RETURNING,Chennai,2024-03-20,Demo dataset — synthetic data
CUST_0255,Vivaan Bose,RETURNING,Pune,2023-02-23,Demo dataset — synthetic data
CUST_0256,Kavita Nair,RETURNING,Jaipur,2023-04-25,Demo dataset — synthetic data
CUST_0257,Vihaan Kumar,NEW,Pune,2023-02-28,Demo dataset — synthetic data
CUST_0258,Diya Iyer,NEW,Delhi,2023-11-08,Demo dataset — synthetic data
CUST_0259,Diya Sharma,RETURNING,Kolkata,2024-04-16,Demo dataset — synthetic data
CUST_0260,Aadhya Kumar,RETURNING,Mumbai,2023-10-17,Demo dataset — synthetic data
CUST_0261,Isha Gupta,RETURNING,Delhi,2023-02-16,Demo dataset — synthetic data
CUST_0262,Neha Nair,RETURNING,Jaipur,2023-06-24,Demo dataset — synthetic data
CUST_0263,Reyansh Kumar,RETURNING,Pune,2024-02-02,Demo dataset — synthetic data
CUST_0264,Kavita Gupta,NEW,Mumbai,2023-03-22,Demo dataset — synthetic data
CUST_0265,Suresh Verma,NEW,Kolkata,2023-08-15,Demo dataset — synthetic data
CUST_0266,Rohan Saxena,RETURNING,Chennai,2023-05-20,Demo dataset — synthetic data
CUST_0267,Sai Mehta,RETURNING,Bengaluru,2023-05-26,Demo dataset — synthetic data
CUST_0268,Kavita Saxena,RETURNING,Kolkata,2023-01-24,Demo dataset — synthetic data
CUST_0269,Ananya Chopra,NEW,Delhi,2023-01-04,Demo dataset — synthetic data
CUST_0270,Sai Bose,NEW,Mumbai,2024-01-27,Demo dataset — synthetic data
CUST_0271,Diya Bose,RETURNING,Delhi,2023-09-12,Demo dataset — synthetic data
CUST_0272,Rohan Reddy,RETURNING,Hyderabad,2023-09-14,Demo dataset — synthetic data
CUST_0273,Amit Kumar,RETURNING,Delhi,2023-08-12,Demo dataset — synthetic data
CUST_0274,Aarav Malhotra,NEW,Pune,2023-10-22,Demo dataset — synthetic data
CUST_0275,Rohan Chopra,NEW,Chennai,2023-05-29,Demo dataset — synthetic data
CUST_0276,Vihaan Chopra,RETURNING,Pune,2023-03-29,Demo dataset — synthetic data
CUST_0277,Suresh Malhotra,NEW,Pune,2023-02-15,Demo dataset — synthetic data
CUST_0278,Rohan Mehta,RETURNING,Chennai,2023-09-26,Demo dataset — synthetic data
CUST_0279,Aditya Chopra,NEW,Pune,2023-04-24,Demo dataset — synthetic data
CUST_0280,Aadhya Reddy,RETURNING,Bengaluru,2023-09-29,Demo dataset — synthetic data
CUST_0281,Neha Nair,NEW,Pune,2023-06-29,Demo dataset — synthetic data
CUST_0282,Arjun Iyer,RETURNING,Kolkata,2023-04-12,Demo dataset — synthetic data
CUST_0283,Reyansh Patel,NEW,Bengaluru,2023-04-01,Demo dataset — synthetic data
CUST_0284,Vikram Malhotra,NEW,Jaipur,2023-12-15,Demo dataset — synthetic data
CUST_0285,Kavita Singh,NEW,Pune,2023-03-19,Demo dataset — synthetic data
CUST_0286,Pooja Gupta,RETURNING,Kolkata,2024-02-12,Demo dataset — synthetic data
CUST_0287,Diya Verma,RETURNING,Bengaluru,2023-06-08,Demo dataset — synthetic data
CUST_0288,Pooja Malhotra,RETURNING,Pune,2024-03-01,Demo dataset — synthetic data
CUST_0289,Saanvi Gupta,NEW,Bengaluru,2023-11-11,Demo dataset — synthetic data
CUST_0290,Suresh Chopra,RETURNING,Delhi,2023-08-19,Demo dataset — synthetic data
CUST_0291,Kavita Nair,RETURNING,Jaipur,2023-09-14,Demo dataset — synthetic data
CUST_0292,Arjun Verma,RETURNING,Pune,2024-01-01,Demo dataset — synthetic data
CUST_0293,Aditya Reddy,RETURNING,Jaipur,2023-08-13,Demo dataset — synthetic data
CUST_0294,Neha Reddy,RETURNING,Kolkata,2023-07-18,Demo dataset — synthetic data
CUST_0295,Rohan Singh,NEW,Delhi,2024-02-09,Demo dataset — synthetic data
CUST_0296,Aadhya Gupta,RETURNING,Chennai,2023-05-26,Demo dataset — synthetic data
CUST_0297,Diya Patel,RETURNING,Mumbai,2024-04-14,Demo dataset — synthetic data
CUST_0298,Pari Bose,NEW,Chennai,2023-03-08,Demo dataset — synthetic data
CUST_0299,Suresh Gupta,RETURNING,Chennai,2023-11-26,Demo dataset — synthetic data
CUST_0300,Aadhya Patel,NEW,Bengaluru,2023-11-27,Demo dataset — synthetic data
CUST_0301,Rohan Kumar,RETURNING,Kolkata,2023-04-03,Demo dataset — synthetic data
CUST_0302,Sai Singh,NEW,Jaipur,2023-04-09,Demo dataset — synthetic data
CUST_0303,Ananya Patel,RETURNING,Kolkata,2024-03-08,Demo dataset — synthetic data
CUST_0304,Vihaan Verma,NEW,Mumbai,2023-11-02,Demo dataset — synthetic data
CUST_0305,Isha Patel,RETURNING,Mumbai,2024-01-05,Demo dataset — synthetic data
CUST_0306,Pooja Verma,RETURNING,Hyderabad,2024-05-11,Demo dataset — synthetic data
CUST_0307,Pooja Bose,NEW,Jaipur,2023-04-30,Demo dataset — synthetic data
CUST_0308,Amit Iyer,RETURNING,Jaipur,2024-04-07,Demo dataset — synthetic data
CUST_0309,Sai Kumar,NEW,Jaipur,2023-08-25,Demo dataset — synthetic data
CUST_0310,Saanvi Chopra,RETURNING,Chennai,2024-05-09,Demo dataset — synthetic data
CUST_0311,Reyansh Nair,NEW,Mumbai,2024-03-22,Demo dataset — synthetic data
CUST_0312,Diya Verma,NEW,Pune,2023-10-11,Demo dataset — synthetic data
CUST_0313,Vihaan Mehta,RETURNING,Mumbai,2023-05-20,Demo dataset — synthetic data
CUST_0314,Pooja Patel,NEW,Bengaluru,2024-04-29,Demo dataset — synthetic data
CUST_0315,Ananya Malhotra,NEW,Delhi,2023-08-01,Demo dataset — synthetic data
CUST_0316,Vivaan Chopra,RETURNING,Hyderabad,2023-07-17,Demo dataset — synthetic data
CUST_0317,Aditya Kumar,RETURNING,Pune,2024-04-21,Demo dataset — synthetic data
CUST_0318,Vihaan Singh,NEW,Mumbai,2023-01-20,Demo dataset — synthetic data
CUST_0319,Saanvi Saxena,NEW,Mumbai,2024-01-24,Demo dataset — synthetic data
CUST_0320,Vikram Malhotra,RETURNING,Bengaluru,2023-01-10,Demo dataset — synthetic data
CUST_0321,Diya Nair,NEW,Chennai,2023-02-26,Demo dataset — synthetic data
CUST_0322,Saanvi Iyer,RETURNING,Delhi,2023-05-03,Demo dataset — synthetic data
CUST_0323,Rohan Malhotra,RETURNING,Jaipur,2023-11-02,Demo dataset — synthetic data
CUST_0324,Amit Sharma,NEW,Hyderabad,2024-01-03,Demo dataset — synthetic data
CUST_0325,Arjun Bose,RETURNING,Pune,2023-05-04,Demo dataset — synthetic data
CUST_0326,Kavita Kapadia,RETURNING,Bengaluru,2023-09-26,Demo dataset — synthetic data
CUST_0327,Pari Gupta,NEW,Delhi,2023-07-19,Demo dataset — synthetic data
CUST_0328,Vikram Verma,NEW,Pune,2023-05-10,Demo dataset — synthetic data
CUST_0329,Aarav Kumar,NEW,Pune,2023-05-04,Demo dataset — synthetic data
CUST_0330,Vihaan Singh,RETURNING,Pune,2023-10-07,Demo dataset — synthetic data
CUST_0331,Aadhya Reddy,NEW,Jaipur,2023-12-23,Demo dataset — synthetic data
CUST_0332,Vikram Reddy,NEW,Bengaluru,2024-01-02,Demo dataset — synthetic data
CUST_0333,Pooja Verma,RETURNING,Delhi,2024-02-10,Demo dataset — synthetic data
CUST_0334,Sai Verma,RETURNING,Kolkata,2023-09-21,Demo dataset — synthetic data
CUST_0335,Isha Saxena,RETURNING,Hyderabad,2023-05-27,Demo dataset — synthetic data
CUST_0336,Pari Verma,NEW,Pune,2023-05-20,Demo dataset — synthetic data
CUST_0337,Vihaan Kumar,RETURNING,Chennai,2024-01-16,Demo dataset — synthetic data
CUST_0338,Pooja Chopra,RETURNING,Mumbai,2023-09-12,Demo dataset — synthetic data
CUST_0339,Vikram Kumar,NEW,Kolkata,2024-02-15,Demo dataset — synthetic data
CUST_0340,Aditya Kapadia,RETURNING,Mumbai,2023-10-07,Demo dataset — synthetic data
CUST_0341,Saanvi Singh,RETURNING,Pune,2023-12-05,Demo dataset — synthetic data
CUST_0342,Saanvi Bose,RETURNING,Chennai,2023-03-27,Demo dataset — synthetic data
CUST_0343,Pooja Kumar,RETURNING,Pune,2023-11-11,Demo dataset — synthetic data
CUST_0344,Rohan Joshi,NEW,Delhi,2023-02-08,Demo dataset — synthetic data
CUST_0345,Isha Kumar,RETURNING,Mumbai,2024-05-02,Demo dataset — synthetic data
CUST_0346,Aarav Patel,NEW,Jaipur,2023-01-18,Demo dataset — synthetic data
CUST_0347,Arjun Gupta,RETURNING,Pune,2023-07-05,Demo dataset — synthetic data
CUST_0348,Isha Verma,RETURNING,Jaipur,2024-04-30,Demo dataset — synthetic data
CUST_0349,Pari Kumar,RETURNING,Bengaluru,2023-10-21,Demo dataset — synthetic data
CUST_0350,Arjun Kumar,RETURNING,Kolkata,2023-05-08,Demo dataset — synthetic data
CUST_0351,Vihaan Sharma,NEW,Jaipur,2023-09-23,Demo dataset — synthetic data
CUST_0352,Isha Mehta,RETURNING,Kolkata,2023-12-27,Demo dataset — synthetic data
CUST_0353,Pooja Nair,NEW,Kolkata,2023-12-22,Demo dataset — synthetic data
CUST_0354,Vikram Nair,RETURNING,Bengaluru,2023-08-20,Demo dataset — synthetic data
CUST_0355,Reyansh Malhotra,NEW,Pune,2023-12-08,Demo dataset — synthetic data
CUST_0356,Pari Gupta,RETURNING,Kolkata,2024-04-01,Demo dataset — synthetic data
CUST_0357,Saanvi Reddy,NEW,Mumbai,2024-02-11,Demo dataset — synthetic data
CUST_0358,Pari Iyer,RETURNING,Hyderabad,2024-02-10,Demo dataset — synthetic data
CUST_0359,Arjun Iyer,NEW,Delhi,2023-07-04,Demo dataset — synthetic data
CUST_0360,Amit Kumar,RETURNING,Mumbai,2023-11-10,Demo dataset — synthetic data
CUST_0361,Aditya Gupta,RETURNING,Jaipur,2023-09-27,Demo dataset — synthetic data
CUST_0362,Rohan Kapadia,NEW,Bengaluru,2023-03-06,Demo dataset — synthetic data
CUST_0363,Aadhya Gupta,RETURNING,Pune,2023-03-07,Demo dataset — synthetic data
CUST_0364,Amit Reddy,NEW,Mumbai,2023-08-10,Demo dataset — synthetic data
CUST_0365,Neha Verma,NEW,Mumbai,2023-06-05,Demo dataset — synthetic data
CUST_0366,Reyansh Reddy,RETURNING,Hyderabad,2023-06-27,Demo dataset — synthetic data
CUST_0367,Neha Bose,NEW,Kolkata,2023-04-11,Demo dataset — synthetic data
CUST_0368,Amit Joshi,RETURNING,Kolkata,2023-11-11,Demo dataset — synthetic data
CUST_0369,Amit Gupta,RETURNING,Mumbai,2023-10-31,Demo dataset — synthetic data
CUST_0370,Kavita Patel,RETURNING,Pune,2024-03-07,Demo dataset — synthetic data
CUST_0371,Kavita Verma,NEW,Delhi,2023-02-11,Demo dataset — synthetic data
CUST_0372,Vivaan Joshi,NEW,Chennai,2023-11-13,Demo dataset — synthetic data
CUST_0373,Aarav Saxena,NEW,Kolkata,2023-11-25,Demo dataset — synthetic data
CUST_0374,Saanvi Saxena,RETURNING,Chennai,2023-06-02,Demo dataset — synthetic data
CUST_0375,Pooja Gupta,NEW,Mumbai,2023-08-14,Demo dataset — synthetic data
CUST_0376,Rohan Saxena,RETURNING,Pune,2023-11-07,Demo dataset — synthetic data
CUST_0377,Arjun Singh,NEW,Pune,2024-01-11,Demo dataset — synthetic data
CUST_0378,Pari Chopra,RETURNING,Pune,2023-09-21,Demo dataset — synthetic data
CUST_0379,Amit Mehta,RETURNING,Jaipur,2023-03-04,Demo dataset — synthetic data
CUST_0380,Diya Malhotra,RETURNING,Bengaluru,2023-01-26,Demo dataset — synthetic data
CUST_0381,Saanvi Chopra,NEW,Chennai,2023-05-08,Demo dataset — synthetic data
CUST_0382,Reyansh Singh,NEW,Pune,2023-04-08,Demo dataset — synthetic data
CUST_0383,Reyansh Saxena,NEW,Jaipur,2023-09-13,Demo dataset — synthetic data
CUST_0384,Saanvi Saxena,RETURNING,Chennai,2023-09-16,Demo dataset — synthetic data
CUST_0385,Pooja Iyer,RETURNING,Pune,2023-01-25,Demo dataset — synthetic data
CUST_0386,Vivaan Bose,RETURNING,Jaipur,2023-05-27,Demo dataset — synthetic data
CUST_0387,Amit Sharma,NEW,Chennai,2023-03-10,Demo dataset — synthetic data
CUST_0388,Diya Kumar,NEW,Pune,2023-01-24,Demo dataset — synthetic data
CUST_0389,Isha Verma,RETURNING,Hyderabad,2023-07-05,Demo dataset — synthetic data
CUST_0390,Amit Bose,RETURNING,Jaipur,2024-01-27,Demo dataset — synthetic data
CUST_0391,Amit Joshi,NEW,Bengaluru,2023-03-07,Demo dataset — synthetic data
CUST_0392,Vihaan Chopra,RETURNING,Pune,2023-10-13,Demo dataset — synthetic data
CUST_0393,Pari Patel,RETURNING,Chennai,2023-09-14,Demo dataset — synthetic data
CUST_0394,Vivaan Verma,RETURNING,Pune,2024-02-16,Demo dataset — synthetic data
CUST_0395,Vikram Malhotra,RETURNING,Mumbai,2023-06-17,Demo dataset — synthetic data
CUST_0396,Suresh Singh,RETURNING,Kolkata,2023-10-31,Demo dataset — synthetic data
CUST_0397,Aadhya Saxena,NEW,Kolkata,2023-09-01,Demo dataset — synthetic data
CUST_0398,Aarav Kumar,RETURNING,Bengaluru,2023-08-02,Demo dataset — synthetic data
CUST_0399,Kavita Bose,NEW,Delhi,2023-11-02,Demo dataset — synthetic data
CUST_0400,Vikram Joshi,NEW,Hyderabad,2024-01-05,Demo dataset — synthetic data
CUST_0401,Vivaan Saxena,RETURNING,Chennai,2023-03-17,Demo dataset — synthetic data
CUST_0402,Ananya Verma,RETURNING,Bengaluru,2023-04-08,Demo dataset — synthetic data
CUST_0403,Aarav Malhotra,RETURNING,Mumbai,2023-07-31,Demo dataset — synthetic data
CUST_0404,Sai Kapadia,RETURNING,Jaipur,2024-03-22,Demo dataset — synthetic data
CUST_0405,Vivaan Patel,RETURNING,Pune,2023-12-06,Demo dataset — synthetic data
CUST_0406,Vikram Chopra,RETURNING,Mumbai,2023-08-24,Demo dataset — synthetic data
CUST_0407,Amit Singh,RETURNING,Kolkata,2023-11-09,Demo dataset — synthetic data
CUST_0408,Vikram Nair,NEW,Kolkata,2023-10-13,Demo dataset — synthetic data
CUST_0409,Saanvi Iyer,NEW,Kolkata,2024-01-30,Demo dataset — synthetic data
CUST_0410,Saanvi Nair,NEW,Jaipur,2023-06-12,Demo dataset — synthetic data
CUST_0411,Vikram Kumar,RETURNING,Kolkata,2023-05-28,Demo dataset — synthetic data
CUST_0412,Vihaan Chopra,NEW,Chennai,2024-02-24,Demo dataset — synthetic data
CUST_0413,Pari Patel,RETURNING,Kolkata,2024-05-04,Demo dataset — synthetic data
CUST_0414,Aditya Kumar,NEW,Kolkata,2024-01-18,Demo dataset — synthetic data
CUST_0415,Vikram Nair,RETURNING,Kolkata,2024-04-22,Demo dataset — synthetic data
CUST_0416,Amit Joshi,RETURNING,Hyderabad,2023-05-05,Demo dataset — synthetic data
CUST_0417,Vivaan Iyer,NEW,Delhi,2023-02-21,Demo dataset — synthetic data
CUST_0418,Rohan Singh,NEW,Bengaluru,2023-12-15,Demo dataset — synthetic data
CUST_0419,Arjun Sharma,NEW,Mumbai,2023-07-28,Demo dataset — synthetic data
CUST_0420,Vikram Saxena,NEW,Kolkata,2023-06-14,Demo dataset — synthetic data
CUST_0421,Saanvi Verma,NEW,Bengaluru,2023-11-30,Demo dataset — synthetic data
CUST_0422,Kavita Iyer,RETURNING,Delhi,2024-04-12,Demo dataset — synthetic data
CUST_0423,Reyansh Kapadia,NEW,Mumbai,2024-04-23,Demo dataset — synthetic data
CUST_0424,Vivaan Chopra,NEW,Mumbai,2024-04-24,Demo dataset — synthetic data
CUST_0425,Saanvi Verma,RETURNING,Bengaluru,2024-04-20,Demo dataset — synthetic data
CUST_0426,Aadhya Bose,RETURNING,Jaipur,2024-03-31,Demo dataset — synthetic data
CUST_0427,Arjun Malhotra,RETURNING,Bengaluru,2023-06-19,Demo dataset — synthetic data
CUST_0428,Reyansh Malhotra,NEW,Mumbai,2023-01-08,Demo dataset — synthetic data
CUST_0429,Aadhya Bose,RETURNING,Hyderabad,2023-03-31,Demo dataset — synthetic data
CUST_0430,Suresh Chopra,NEW,Pune,2023-02-14,Demo dataset — synthetic data
CUST_0431,Isha Mehta,RETURNING,Mumbai,2023-09-02,Demo dataset — synthetic data
CUST_0432,Aadhya Iyer,RETURNING,Chennai,2023-05-01,Demo dataset — synthetic data
CUST_0433,Pooja Joshi,NEW,Kolkata,2023-10-26,Demo dataset — synthetic data
CUST_0434,Kavita Sharma,RETURNING,Pune,2023-12-21,Demo dataset — synthetic data
CUST_0435,Ananya Verma,NEW,Jaipur,2023-06-07,Demo dataset — synthetic data
CUST_0436,Reyansh Chopra,NEW,Kolkata,2023-12-20,Demo dataset — synthetic data
CUST_0437,Vihaan Bose,RETURNING,Hyderabad,2023-04-23,Demo dataset — synthetic data
CUST_0438,Arjun Saxena,RETURNING,Pune,2023-08-01,Demo dataset — synthetic data
CUST_0439,Amit Saxena,NEW,Hyderabad,2024-01-26,Demo dataset — synthetic data
CUST_0440,Ananya Gupta,RETURNING,Pune,2023-02-09,Demo dataset — synthetic data
CUST_0441,Kavita Mehta,RETURNING,Hyderabad,2023-10-21,Demo dataset — synthetic data
CUST_0442,Amit Patel,RETURNING,Jaipur,2023-03-01,Demo dataset — synthetic data
CUST_0443,Sai Saxena,RETURNING,Jaipur,2024-02-19,Demo dataset — synthetic data
CUST_0444,Vivaan Malhotra,RETURNING,Chennai,2023-08-22,Demo dataset — synthetic data
CUST_0445,Kavita Verma,RETURNING,Kolkata,2024-01-06,Demo dataset — synthetic data
CUST_0446,Aarav Chopra,RETURNING,Delhi,2024-01-17,Demo dataset — synthetic data
CUST_0447,Sai Gupta,RETURNING,Pune,2023-12-25,Demo dataset — synthetic data
CUST_0448,Aditya Verma,NEW,Bengaluru,2024-04-23,Demo dataset — synthetic data
CUST_0449,Vikram Verma,RETURNING,Mumbai,2024-01-29,Demo dataset — synthetic data
CUST_0450,Arjun Kapadia,RETURNING,Chennai,2023-08-18,Demo dataset — synthetic data
CUST_0451,Isha Chopra,RETURNING,Mumbai,2023-12-01,Demo dataset — synthetic data
CUST_0452,Pari Mehta,RETURNING,Chennai,2023-09-28,Demo dataset — synthetic data
CUST_0453,Arjun Iyer,NEW,Delhi,2024-05-15,Demo dataset — synthetic data
CUST_0454,Saanvi Malhotra,NEW,Chennai,2023-09-30,Demo dataset — synthetic data
CUST_0455,Isha Iyer,RETURNING,Pune,2023-03-21,Demo dataset — synthetic data
CUST_0456,Diya Nair,NEW,Bengaluru,2023-01-17,Demo dataset — synthetic data
CUST_0457,Rohan Sharma,RETURNING,Bengaluru,2023-02-21,Demo dataset — synthetic data
CUST_0458,Suresh Verma,RETURNING,Delhi,2023-05-06,Demo dataset — synthetic data
CUST_0459,Vivaan Chopra,RETURNING,Hyderabad,2024-01-22,Demo dataset — synthetic data
CUST_0460,Vivaan Patel,RETURNING,Kolkata,2023-04-30,Demo dataset — synthetic data
CUST_0461,Kavita Singh,RETURNING,Pune,2023-05-02,Demo dataset — synthetic data
CUST_0462,Saanvi Patel,NEW,Hyderabad,2023-07-31,Demo dataset — synthetic data
CUST_0463,Saanvi Joshi,RETURNING,Mumbai,2023-11-17,Demo dataset — synthetic data
CUST_0464,Rohan Saxena,RETURNING,Pune,2024-04-27,Demo dataset — synthetic data
CUST_0465,Isha Singh,NEW,Chennai,2023-03-18,Demo dataset — synthetic data
CUST_0466,Saanvi Chopra,RETURNING,Jaipur,2023-05-04,Demo dataset — synthetic data
CUST_0467,Ananya Bose,NEW,Mumbai,2024-02-17,Demo dataset — synthetic data
CUST_0468,Pooja Verma,RETURNING,Chennai,2023-10-13,Demo dataset — synthetic data
CUST_0469,Neha Patel,RETURNING,Kolkata,2023-04-15,Demo dataset — synthetic data
CUST_0470,Aadhya Gupta,NEW,Pune,2023-02-17,Demo dataset — synthetic data
CUST_0471,Amit Nair,RETURNING,Chennai,2023-12-11,Demo dataset — synthetic data
CUST_0472,Suresh Verma,NEW,Hyderabad,2024-02-16,Demo dataset — synthetic data
CUST_0473,Kavita Nair,RETURNING,Pune,2023-06-05,Demo dataset — synthetic data
CUST_0474,Aarav Nair,NEW,Bengaluru,2024-01-18,Demo dataset — synthetic data
CUST_0475,Vikram Iyer,NEW,Hyderabad,2023-07-23,Demo dataset — synthetic data
CUST_0476,Ananya Singh,NEW,Chennai,2023-08-27,Demo dataset — synthetic data
CUST_0477,Amit Kumar,RETURNING,Pune,2023-09-20,Demo dataset — synthetic data
CUST_0478,Vikram Malhotra,RETURNING,Jaipur,2024-01-25,Demo dataset — synthetic data
CUST_0479,Aadhya Nair,RETURNING,Chennai,2023-01-24,Demo dataset — synthetic data
CUST_0480,Kavita Iyer,NEW,Delhi,2023-05-14,Demo dataset — synthetic data
CUST_0481,Amit Kapadia,RETURNING,Hyderabad,2023-06-18,Demo dataset — synthetic data
CUST_0482,Ananya Chopra,RETURNING,Hyderabad,2023-09-13,Demo dataset — synthetic data
CUST_0483,Amit Singh,RETURNING,Jaipur,2024-05-09,Demo dataset — synthetic data
CUST_0484,Vikram Malhotra,RETURNING,Pune,2023-03-28,Demo dataset — synthetic data
CUST_0485,Arjun Saxena,RETURNING,Delhi,2023-09-26,Demo dataset — synthetic data
CUST_0486,Vivaan Gupta,NEW,Delhi,2024-01-27,Demo dataset — synthetic data
CUST_0487,Aarav Kapadia,RETURNING,Hyderabad,2023-02-04,Demo dataset — synthetic data
CUST_0488,Arjun Sharma,RETURNING,Jaipur,2023-07-11,Demo dataset — synthetic data
CUST_0489,Vivaan Saxena,NEW,Delhi,2023-01-04,Demo dataset — synthetic data
CUST_0490,Amit Kapadia,RETURNING,Kolkata,2023-10-02,Demo dataset — synthetic data
CUST_0491,Saanvi Sharma,RETURNING,Chennai,2024-02-17,Demo dataset — synthetic data
CUST_0492,Reyansh Mehta,NEW,Mumbai,2023-05-04,Demo dataset — synthetic data
CUST_0493,Sai Joshi,NEW,Kolkata,2024-02-12,Demo dataset — synthetic data
CUST_0494,Isha Gupta,RETURNING,Chennai,2023-08-24,Demo dataset — synthetic data
CUST_0495,Kavita Iyer,NEW,Hyderabad,2023-06-03,Demo dataset — synthetic data
CUST_0496,Aditya Verma,RETURNING,Chennai,2023-07-13,Demo dataset — synthetic data
CUST_0497,Amit Saxena,RETURNING,Delhi,2023-12-26,Demo dataset — synthetic data
CUST_0498,Reyansh Gupta,RETURNING,Chennai,2023-11-27,Demo dataset — synthetic data
CUST_0499,Aadhya Mehta,NEW,Delhi,2023-04-28,Demo dataset — synthetic data
CUST_0500,Sai Saxena,RETURNING,Bengaluru,2023-12-17,Demo dataset — synthetic data
